studentNo,password
test0001,123456
test0002,123456
test0003,123456
test0004,123456
test0005,123456
test0006,123456
test0007,123456
test0008,123456
test0009,123456
test0010,123456
test0011,123456
test0012,123456
test0013,123456
test0014,123456
test0015,123456
test0016,123456
test0017,123456
test0018,123456
test0019,123456
test0020,123456
test0021,123456
test0022,123456
test0023,123456
test0024,123456
test0025,123456
test0026,123456
test0027,123456
test0028,123456
test0029,123456
test0030,123456
test0031,123456
test0032,123456
test0033,123456
test0034,123456
test0035,123456
test0036,123456
test0037,123456
test0038,123456
test0039,123456
test0040,123456
test0041,123456
test0042,123456
test0043,123456
test0044,123456
test0045,123456
test0046,123456
test0047,123456
test0048,123456
test0049,123456
test0050,123456
test0051,123456
test0052,123456
test0053,123456
test0054,123456
test0055,123456
test0056,123456
test0057,123456
test0058,123456
test0059,123456
test0060,123456
test0061,123456
test0062,123456
test0063,123456
test0064,123456
test0065,123456
test0066,123456
test0067,123456
test0068,123456
test0069,123456
test0070,123456
test0071,123456
test0072,123456
test0073,123456
test0074,123456
test0075,123456
test0076,123456
test0077,123456
test0078,123456
test0079,123456
test0080,123456
test0081,123456
test0082,123456
test0083,123456
test0084,123456
test0085,123456
test0086,123456
test0087,123456
test0088,123456
test0089,123456
test0090,123456
test0091,123456
test0092,123456
test0093,123456
test0094,123456
test0095,123456
test0096,123456
test0097,123456
test0098,123456
test0099,123456
test0100,123456
test0101,123456
test0102,123456
test0103,123456
test0104,123456
test0105,123456
test0106,123456
test0107,123456
test0108,123456
test0109,123456
test0110,123456
test0111,123456
test0112,123456
test0113,123456
test0114,123456
test0115,123456
test0116,123456
test0117,123456
test0118,123456
test0119,123456
test0120,123456
test0121,123456
test0122,123456
test0123,123456
test0124,123456
test0125,123456
test0126,123456
test0127,123456
test0128,123456
test0129,123456
test0130,123456
test0131,123456
test0132,123456
test0133,123456
test0134,123456
test0135,123456
test0136,123456
test0137,123456
test0138,123456
test0139,123456
test0140,123456
test0141,123456
test0142,123456
test0143,123456
test0144,123456
test0145,123456
test0146,123456
test0147,123456
test0148,123456
test0149,123456
test0150,123456
test0151,123456
test0152,123456
test0153,123456
test0154,123456
test0155,123456
test0156,123456
test0157,123456
test0158,123456
test0159,123456
test0160,123456
test0161,123456
test0162,123456
test0163,123456
test0164,123456
test0165,123456
test0166,123456
test0167,123456
test0168,123456
test0169,123456
test0170,123456
test0171,123456
test0172,123456
test0173,123456
test0174,123456
test0175,123456
test0176,123456
test0177,123456
test0178,123456
test0179,123456
test0180,123456
test0181,123456
test0182,123456
test0183,123456
test0184,123456
test0185,123456
test0186,123456
test0187,123456
test0188,123456
test0189,123456
test0190,123456
test0191,123456
test0192,123456
test0193,123456
test0194,123456
test0195,123456
test0196,123456
test0197,123456
test0198,123456
test0199,123456
test0200,123456
